USER_ID,MOVIE_ID,MOVIE_TITLE,PRODUCTION_YEAR,GENRES,RATING,,,GENRES,
1,4642044,Riot ,2015,Action,8,,1,action,8
2,1925518,The Protector 2 ,2013,Action,5,,5,suspense,6
3,372784,Batman Begins ,2005,Action|Adventure,9,,,drama,5
4,1390411,In the Heart of the Sea ,2015,Action|Adventure|Biography|Drama|History|Thriller,5,,,thriller,4
5,6306064,Adrift ,2018,Action|Adventure|Biography|Drama|Romance|Thriller,4,,,adventures,
6,6306064,Adrift ,2018,Action|Adventure|Biography|Drama|Romance|Thriller,5,,,,
7,2719848,Everest ,2015,Action|Adventure|Biography|Drama|Thriller,6,,,,
8,462504,Rescue Dawn ,2006,Action|Adventure|Biography|Drama|War,8,,,,
9,1663202,The Revenant ,2015,Action|Adventure|Biography|Drama|Western,10,,,,
10,1663202,The Revenant ,2015,Action|Adventure|Biography|Drama|Western,9,,,,
11,1663202,The Revenant ,2015,Action|Adventure|Biography|Drama|Western,9.2,,,,
12,1663202,The Revenant ,2015,Action|Adventure|Biography|Drama|Western,6,,,,
13,1663202,The Revenant ,2015,Action|Adventure|Biography|Drama|Western,9,,,,
14,1663202,The Revenant ,2015,Action|Adventure|Biography|Drama|Western,8,,,,
15,1663202,The Revenant ,2015,Action|Adventure|Biography|Drama|Western,7,,,,
16,102070,Hudson Hawk ,1991,Action|Adventure|Comedy,5,,,,
17,1638355,The Man from U.N.C.L.E. ,2015,Action|Adventure|Comedy,6,,,,
18,1638355,The Man from U.N.C.L.E. ,2015,Action|Adventure|Comedy,9,,,,
19,1638355,The Man from U.N.C.L.E. ,2015,Action|Adventure|Comedy,7,,,,
20,1638355,The Man from U.N.C.L.E. ,2015,Action|Adventure|Comedy,8,,,,
21,1638355,The Man from U.N.C.L.E. ,2015,Action|Adventure|Comedy,6,,,,
22,2334871,Snatched ,2017,Action|Adventure|Comedy,7,,,,
23,6663582,The Spy Who Dumped Me ,2018,Action|Adventure|Comedy,6,,,,
24,3110958,Now You See Me 2 ,2016,Action|Adventure|Comedy|Crime|Mystery|Thriller,8,,,,
25,3110958,Now You See Me 2 ,2016,Action|Adventure|Comedy|Crime|Mystery|Thriller,6,,,,
26,3381008,Grimsby ,2016,Action|Adventure|Comedy|Crime|Thriller,8,,,,
27,3381008,Grimsby ,2016,Action|Adventure|Comedy|Crime|Thriller,10,,,,
28,1981107,The Young and Prodigious T.S. Spivet ,2013,Action|Adventure|Comedy|Drama|Family,8,,,,
29,2788732,Pete's Dragon ,2016,Action|Adventure|Comedy|Family|Fantasy,6,,,,
30,448115,Shazam! ,2019,Action|Adventure|Comedy|Fantasy,10,,,,
31,107362,Last Action Hero ,1993,Action|Adventure|Comedy|Fantasy,6,,,,
32,448115,Shazam! ,2019,Action|Adventure|Comedy|Fantasy,8,,,,
33,448115,Shazam! ,2019,Action|Adventure|Comedy|Fantasy,8,,,,
34,448115,Shazam! ,2019,Action|Adventure|Comedy|Fantasy,7,,,,
35,93260,Innerspace ,1987,Action|Adventure|Comedy|Fantasy|Sci-Fi|Thriller,6,,,,
36,120746,The Mask of Zorro ,1998,Action|Adventure|Comedy|Romance|Thriller|Western,7,,,,
37,478970,Ant-Man ,2015,Action|Adventure|Comedy|Sci-Fi,8,,,,
38,1431045,Deadpool ,2016,Action|Adventure|Comedy|Sci-Fi,8,,,,
39,5095030,Ant-Man and the Wasp ,2018,Action|Adventure|Comedy|Sci-Fi,8,,,,
40,1291150,Teenage Mutant Ninja Turtles ,2014,Action|Adventure|Comedy|Sci-Fi,6,,,,
41,2015381,Guardians of the Galaxy ,2014,Action|Adventure|Comedy|Sci-Fi,8,,,,
42,3896198,Guardians of the Galaxy Vol. 2 ,2017,Action|Adventure|Comedy|Sci-Fi,9,,,,
43,478970,Ant-Man ,2015,Action|Adventure|Comedy|Sci-Fi,7,,,,
44,1409024,Men in Black 3 ,2012,Action|Adventure|Comedy|Sci-Fi,7,,,,
45,1431045,Deadpool ,2016,Action|Adventure|Comedy|Sci-Fi,7,,,,
46,3896198,Guardians of the Galaxy Vol. 2 ,2017,Action|Adventure|Comedy|Sci-Fi,8,,,,
47,5463162,Deadpool 2 ,2018,Action|Adventure|Comedy|Sci-Fi,7,,,,
48,478970,Ant-Man ,2015,Action|Adventure|Comedy|Sci-Fi,6,,,,
49,3896198,Guardians of the Galaxy Vol. 2 ,2017,Action|Adventure|Comedy|Sci-Fi,9,,,,
50,5095030,Ant-Man and the Wasp ,2018,Action|Adventure|Comedy|Sci-Fi,6,,,,
51,8179388,Rim of the World ,2019,Action|Adventure|Comedy|Sci-Fi,4,,,,
52,478970,Ant-Man ,2015,Action|Adventure|Comedy|Sci-Fi,3,,,,
53,5463162,Deadpool 2 ,2018,Action|Adventure|Comedy|Sci-Fi,6,,,,
54,478970,Ant-Man ,2015,Action|Adventure|Comedy|Sci-Fi,7,,,,
55,1431045,Deadpool ,2016,Action|Adventure|Comedy|Sci-Fi,10,,,,
56,478970,Ant-Man ,2015,Action|Adventure|Comedy|Sci-Fi,7,,,,
57,1431045,Deadpool ,2016,Action|Adventure|Comedy|Sci-Fi,7,,,,
58,478970,Ant-Man ,2015,Action|Adventure|Comedy|Sci-Fi,7,,,,
59,1431045,Deadpool ,2016,Action|Adventure|Comedy|Sci-Fi,7,,,,
60,3896198,Guardians of the Galaxy Vol. 2 ,2017,Action|Adventure|Comedy|Sci-Fi,8,,,,
61,5095030,Ant-Man and the Wasp ,2018,Action|Adventure|Comedy|Sci-Fi,7,,,,
62,5463162,Deadpool 2 ,2018,Action|Adventure|Comedy|Sci-Fi,7,,,,
63,3896198,Guardians of the Galaxy Vol. 2 ,2017,Action|Adventure|Comedy|Sci-Fi,7,,,,
64,110478,Maverick ,1994,Action|Adventure|Comedy|Thriller|Western,7,,,,
65,3062096,Inferno ,2016,Action|Adventure|Crime|Drama|Mystery|Thriller,6,,,,
66,3531824,Nerve ,2016,Action|Adventure|Crime|Drama|Mystery|Thriller,7,,,,
67,6200274,Hajwala ,2016,Action|Adventure|Crime|Drama|Sport|Thriller,10,,,,
68,1488606,Triple Frontier ,2019,Action|Adventure|Crime|Drama|Thriller,9,,,,
69,831887,The Spirit ,2008,Action|Adventure|Crime|Fantasy|Sci-Fi|Thriller,5,,,,
70,111257,Speed ,1994,Action|Adventure|Crime|Thriller,7,,,,
71,1959490,Noah ,2014,Action|Adventure|Drama,6,,,,
72,2493486,Last Knights ,2015,Action|Adventure|Drama,8,,,,
73,918940,The Legend of Tarzan ,2016,Action|Adventure|Drama|Fantasy|Romance,6,,,,
74,2304933,The 5th Wave ,2016,Action|Adventure|Drama|Fantasy|Sci-Fi|Thriller,5,,,,
75,2638144,Ben-Hur ,2016,Action|Adventure|Drama|History,6,,,,
76,1921064,Pompeii ,2014,Action|Adventure|Drama|History|Romance,8,,,,
77,425637,Chi bi ,2008,Action|Adventure|Drama|History|War,7,,,,
78,3231054,Risen ,2016,Action|Adventure|Drama|Mystery,6,,,,
79,5246700,How It Ends ,2018,Action|Adventure|Drama|Mystery|Sci-Fi|Thriller,6,,,,
80,1517260,The Host ,2013,Action|Adventure|Drama|Romance|Sci-Fi|Thriller,4,,,,
81,2226597,The Mountain Between Us ,2017,Action|Adventure|Drama|Romance|Thriller,7,,,,
82,2103281,Dawn of the Planet of the Apes ,2014,Action|Adventure|Drama|Sci-Fi,8,,,,
83,2103281,Dawn of the Planet of the Apes ,2014,Action|Adventure|Drama|Sci-Fi,7,,,,
84,2103281,Dawn of the Planet of the Apes ,2014,Action|Adventure|Drama|Sci-Fi,9,,,,
85,1502712,Fantastic Four ,2015,Action|Adventure|Drama|Sci-Fi,1,,,,
86,1502712,Fantastic Four ,2015,Action|Adventure|Drama|Sci-Fi,5,,,,
87,3967856,Okja ,2017,Action|Adventure|Drama|Sci-Fi,6,,,,
88,3450958,War for the Planet of the Apes ,2017,Action|Adventure|Drama|Sci-Fi|Thriller,8,,,,
89,3450958,War for the Planet of the Apes ,2017,Action|Adventure|Drama|Sci-Fi|Thriller,9,,,,
90,3450958,War for the Planet of the Apes ,2017,Action|Adventure|Drama|Sci-Fi|Thriller,7,,,,
91,2106361,Into the Storm ,2014,Action|Adventure|Drama|Thriller,8,,,,
92,2106361,Into the Storm ,2014,Action|Adventure|Drama|Thriller,10,,,,
93,2126355,San Andreas ,2015,Action|Adventure|Drama|Thriller,6,,,,
94,1717715,Da nao tian gong ,2014,Action|Adventure|Family,5,,,,
95,1587310,Maleficent ,2014,Action|Adventure|Family|Fantasy|Romance,7,,,,
96,1587310,Maleficent ,2014,Action|Adventure|Family|Fantasy|Romance,10,,,,
97,368891,National Treasure ,2004,Action|Adventure|Family|Mystery|Thriller,10,,,,
98,800320,Clash of the Titans ,2010,Action|Adventure|Fantasy,7,,,,
99,1267297,Hercules ,2014,Action|Adventure|Fantasy,5,,,,
100,2404233,Gods of Egypt ,2016,Action|Adventure|Fantasy,6,,,,
101,120616,The Mummy ,1999,Action|Adventure|Fantasy,10,,,,
102,120616,The Mummy ,1999,Action|Adventure|Fantasy,7,,,,
103,803096,Warcraft ,2016,Action|Adventure|Fantasy,5,,,,
104,1121096,Seventh Son ,2014,Action|Adventure|Fantasy,7,,,,
105,1618442,The Last Witch Hunter ,2015,Action|Adventure|Fantasy,6,,,,
106,1648190,The Dark Tower ,2017,Action|Adventure|Fantasy|Horror|Sci-Fi|Western,6,,,,
107,190332,Wo hu cang long ,2000,Action|Adventure|Fantasy|Romance,8,,,,
108,1386697,Suicide Squad ,2016,Action|Adventure|Fantasy|Sci-Fi,5,,,,
109,1386697,Suicide Squad ,2016,Action|Adventure|Fantasy|Sci-Fi,7,,,,
110,76759,Star Wars ,1977,Action|Adventure|Fantasy|Sci-Fi,5,,,,
111,76759,Star Wars ,1977,Action|Adventure|Fantasy|Sci-Fi,10,,,,
112,800369,Thor ,2011,Action|Adventure|Fantasy|Sci-Fi,7,,,,
113,974015,Justice League ,2017,Action|Adventure|Fantasy|Sci-Fi,6,,,,
114,1211837,Doctor Strange ,2016,Action|Adventure|Fantasy|Sci-Fi,8,,,,
115,1386697,Suicide Squad ,2016,Action|Adventure|Fantasy|Sci-Fi,6,,,,
116,1731141,Ender's Game ,2013,Action|Adventure|Fantasy|Sci-Fi,7,,,,
117,2239822,Valerian and the City of a Thousand Planets ,2017,Action|Adventure|Fantasy|Sci-Fi,8,,,,
118,76759,Star Wars ,1977,Action|Adventure|Fantasy|Sci-Fi,8,,,,
119,1477834,Aquaman ,2018,Action|Adventure|Fantasy|Sci-Fi,7,,,,
120,76759,Star Wars ,1977,Action|Adventure|Fantasy|Sci-Fi,7,,,,
121,1211837,Doctor Strange ,2016,Action|Adventure|Fantasy|Sci-Fi,9,,,,
122,1386697,Suicide Squad ,2016,Action|Adventure|Fantasy|Sci-Fi,8,,,,
123,974015,Justice League ,2017,Action|Adventure|Fantasy|Sci-Fi,7,,,,
124,76759,Star Wars ,1977,Action|Adventure|Fantasy|Sci-Fi,8,,,,
125,974015,Justice League ,2017,Action|Adventure|Fantasy|Sci-Fi,4,,,,
126,1386697,Suicide Squad ,2016,Action|Adventure|Fantasy|Sci-Fi,6,,,,
127,1477834,Aquaman ,2018,Action|Adventure|Fantasy|Sci-Fi,6,,,,
128,2239822,Valerian and the City of a Thousand Planets ,2017,Action|Adventure|Fantasy|Sci-Fi,8,,,,
129,974015,Justice League ,2017,Action|Adventure|Fantasy|Sci-Fi,7,,,,
130,1386697,Suicide Squad ,2016,Action|Adventure|Fantasy|Sci-Fi,7,,,,
131,1571234,Mortal Engines ,2018,Action|Adventure|Fantasy|Sci-Fi|Thriller,6,,,,
132,451279,Wonder Woman ,2017,Action|Adventure|Fantasy|Sci-Fi|War,7,,,,
133,451279,Wonder Woman ,2017,Action|Adventure|Fantasy|Sci-Fi|War,6,,,,
134,451279,Wonder Woman ,2017,Action|Adventure|Fantasy|Sci-Fi|War,7,,,,
135,451279,Wonder Woman ,2017,Action|Adventure|Fantasy|Sci-Fi|War,7,,,,
136,1365519,Tomb Raider ,2018,Action|Adventure|Fantasy|Thriller,7,,,,
137,2034800,The Great Wall ,2016,Action|Adventure|Fantasy|Thriller,7,,,,
138,209163,The Mummy Returns ,2001,Action|Adventure|Fantasy|Thriller,10,,,,
139,209163,The Mummy Returns ,2001,Action|Adventure|Fantasy|Thriller,6,,,,
140,1365519,Tomb Raider ,2018,Action|Adventure|Fantasy|Thriller,7,,,,
141,1365519,Tomb Raider ,2018,Action|Adventure|Fantasy|Thriller,7,,,,
142,5886046,Escape Room ,2019,Action|Adventure|Horror|Mystery|Thriller,7,,,,
143,816711,World War Z ,2013,Action|Adventure|Horror|Sci-Fi|Thriller,10,,,,
144,1093357,The Darkest Hour ,2011,Action|Adventure|Horror|Sci-Fi|Thriller,7,,,,
145,816711,World War Z ,2013,Action|Adventure|Horror|Sci-Fi|Thriller,7,,,,
146,816711,World War Z ,2013,Action|Adventure|Horror|Sci-Fi|Thriller,7,,,,
147,816711,World War Z ,2013,Action|Adventure|Horror|Sci-Fi|Thriller,8,,,,
148,816711,World War Z ,2013,Action|Adventure|Horror|Sci-Fi|Thriller,8,,,,
149,8364368,Crawl ,2019,Action|Adventure|Horror|Thriller,9,,,,
150,1840309,Divergent ,2014,Action|Adventure|Mystery|Sci-Fi,8,,,,
151,1840309,Divergent ,2014,Action|Adventure|Mystery|Sci-Fi,8,,,,
152,1872181,The Amazing Spider-Man 2 ,2014,Action|Adventure|Sci-Fi,10,,,,
153,770828,Man of Steel ,2013,Action|Adventure|Sci-Fi,8,,,,
154,1663662,Pacific Rim ,2013,Action|Adventure|Sci-Fi,9,,,,
155,369610,Jurassic World ,2015,Action|Adventure|Sci-Fi,7,,,,
156,6565702,Dark Phoenix ,2019,Action|Adventure|Sci-Fi,5,,,,
157,2094766,Assassin's Creed ,2016,Action|Adventure|Sci-Fi,8,,,,
158,3717490,Power Rangers ,2017,Action|Adventure|Sci-Fi,8,,,,
159,770828,Man of Steel ,2013,Action|Adventure|Sci-Fi,6,,,,
160,1483013,Oblivion ,2013,Action|Adventure|Sci-Fi,6,,,,
161,948470,The Amazing Spider-Man ,2012,Action|Adventure|Sci-Fi,9,,,,
162,1483013,Oblivion ,2013,Action|Adventure|Sci-Fi,7,,,,
163,1872181,The Amazing Spider-Man 2 ,2014,Action|Adventure|Sci-Fi,7,,,,
164,2094766,Assassin's Creed ,2016,Action|Adventure|Sci-Fi,6,,,,
165,1483013,Oblivion ,2013,Action|Adventure|Sci-Fi,4,,,,
166,1663662,Pacific Rim ,2013,Action|Adventure|Sci-Fi,6,,,,
167,268695,The Time Machine ,2002,Action|Adventure|Sci-Fi,5,,,,
168,369610,Jurassic World ,2015,Action|Adventure|Sci-Fi,7,,,,
169,371746,Iron Man ,2008,Action|Adventure|Sci-Fi,8,,,,
170,770828,Man of Steel ,2013,Action|Adventure|Sci-Fi,6,,,,
171,800080,The Incredible Hulk ,2008,Action|Adventure|Sci-Fi,6,,,,
172,848228,The Avengers ,2012,Action|Adventure|Sci-Fi,7,,,,
173,1133985,Green Lantern ,2011,Action|Adventure|Sci-Fi,6,,,,
174,1228705,Iron Man 2 ,2010,Action|Adventure|Sci-Fi,6,,,,
175,1300854,Iron Man Three ,2013,Action|Adventure|Sci-Fi,7,,,,
176,1340138,Terminator Genisys ,2015,Action|Adventure|Sci-Fi,7,,,,
177,1408101,Star Trek Into Darkness ,2013,Action|Adventure|Sci-Fi,8,,,,
178,1430132,The Wolverine ,2013,Action|Adventure|Sci-Fi,7,,,,
179,1663662,Pacific Rim ,2013,Action|Adventure|Sci-Fi,5,,,,
180,1677720,Ready Player One ,2018,Action|Adventure|Sci-Fi,8,,,,
181,1825683,Black Panther ,2018,Action|Adventure|Sci-Fi,7,,,,
182,1872181,The Amazing Spider-Man 2 ,2014,Action|Adventure|Sci-Fi,6,,,,
183,3748528,Rogue One ,2016,Action|Adventure|Sci-Fi,8,,,,
184,369610,Jurassic World ,2015,Action|Adventure|Sci-Fi,8,,,,
185,1340138,Terminator Genisys ,2015,Action|Adventure|Sci-Fi,9,,,,
186,1677720,Ready Player One ,2018,Action|Adventure|Sci-Fi,8,,,,
187,1825683,Black Panther ,2018,Action|Adventure|Sci-Fi,6,,,,
188,2231461,Rampage ,2018,Action|Adventure|Sci-Fi,7,,,,
189,4154664,Captain Marvel ,2019,Action|Adventure|Sci-Fi,9,,,,
190,6565702,Dark Phoenix ,2019,Action|Adventure|Sci-Fi,7,,,,
191,1228705,Iron Man 2 ,2010,Action|Adventure|Sci-Fi,7,,,,
192,1300854,Iron Man Three ,2013,Action|Adventure|Sci-Fi,9,,,,
193,1300854,Iron Man Three ,2013,Action|Adventure|Sci-Fi,8,,,,
194,800080,The Incredible Hulk ,2008,Action|Adventure|Sci-Fi,8,,,,
195,1872181,The Amazing Spider-Man 2 ,2014,Action|Adventure|Sci-Fi,8,,,,
196,120903,X-Men ,2000,Action|Adventure|Sci-Fi,8,,,,
197,770828,Man of Steel ,2013,Action|Adventure|Sci-Fi,7,,,,
198,1430132,The Wolverine ,2013,Action|Adventure|Sci-Fi,7,,,,
199,2094766,Assassin's Creed ,2016,Action|Adventure|Sci-Fi,6,,,,
200,1340138,Terminator Genisys ,2015,Action|Adventure|Sci-Fi,7,,,,
201,1617661,Jupiter Ascending ,2015,Action|Adventure|Sci-Fi,9,,,,
202,1677720,Ready Player One ,2018,Action|Adventure|Sci-Fi,8,,,,
203,1825683,Black Panther ,2018,Action|Adventure|Sci-Fi,8,,,,
204,2094766,Assassin's Creed ,2016,Action|Adventure|Sci-Fi,6,,,,
205,3748528,Rogue One ,2016,Action|Adventure|Sci-Fi,7,,,,
206,4154664,Captain Marvel ,2019,Action|Adventure|Sci-Fi,7,,,,
207,4701182,Bumblebee ,2018,Action|Adventure|Sci-Fi,7,,,,
208,6565702,Dark Phoenix ,2019,Action|Adventure|Sci-Fi,6,,,,
209,1677720,Ready Player One ,2018,Action|Adventure|Sci-Fi,8,,,,
210,1825683,Black Panther ,2018,Action|Adventure|Sci-Fi,8,,,,
211,4154664,Captain Marvel ,2019,Action|Adventure|Sci-Fi,7,,,,
212,1375666,Inception ,2010,Action|Adventure|Sci-Fi|Thriller,10,,,,
213,2908446,Insurgent ,2015,Action|Adventure|Sci-Fi|Thriller,8,,,,
214,1375666,Inception ,2010,Action|Adventure|Sci-Fi|Thriller,9,,,,
215,1392170,The Hunger Games ,2012,Action|Adventure|Sci-Fi|Thriller,8,,,,
216,90605,Aliens ,1986,Action|Adventure|Sci-Fi|Thriller,8,,,,
217,831387,Godzilla ,2014,Action|Adventure|Sci-Fi|Thriller,7,,,,
218,1375666,Inception ,2010,Action|Adventure|Sci-Fi|Thriller,10,,,,
219,290334,X2 ,2003,Action|Adventure|Sci-Fi|Thriller,8,,,,
220,298814,The Core ,2003,Action|Adventure|Sci-Fi|Thriller,6,,,,
221,319262,The Day After Tomorrow ,2004,Action|Adventure|Sci-Fi|Thriller,6,,,,
222,831387,Godzilla ,2014,Action|Adventure|Sci-Fi|Thriller,6,,,,
223,1392170,The Hunger Games ,2012,Action|Adventure|Sci-Fi|Thriller,7,,,,
224,1424381,Predators ,2010,Action|Adventure|Sci-Fi|Thriller,6,,,,
225,2660888,Star Trek Beyond ,2016,Action|Adventure|Sci-Fi|Thriller,7,,,,
226,79501,Mad Max ,1979,Action|Adventure|Sci-Fi|Thriller,10,,,,
227,82694,Mad Max 2 ,1981,Action|Adventure|Sci-Fi|Thriller,10,,,,
228,290334,X2 ,2003,Action|Adventure|Sci-Fi|Thriller,7,,,,
229,1375666,Inception ,2010,Action|Adventure|Sci-Fi|Thriller,10,,,,
230,3072482,Hardcore Henry ,2015,Action|Adventure|Sci-Fi|Thriller,6,,,,
231,90605,Aliens ,1986,Action|Adventure|Sci-Fi|Thriller,7,,,,
232,1375666,Inception ,2010,Action|Adventure|Sci-Fi|Thriller,9,,,,
233,2660888,Star Trek Beyond ,2016,Action|Adventure|Sci-Fi|Thriller,7,,,,
234,2908446,Insurgent ,2015,Action|Adventure|Sci-Fi|Thriller,6,,,,
235,2379713,Spectre ,2015,Action|Adventure|Thriller,7,,,,
236,64757,On Her Majesty's Secret Service ,1969,Action|Adventure|Thriller,7,,,,
237,71807,The Man with the Golden Gun ,1974,Action|Adventure|Thriller,7,,,,
238,90264,A View to a Kill ,1985,Action|Adventure|Thriller,7,,,,
239,106582,Cliffhanger ,1993,Action|Adventure|Thriller,6,,,,
240,120347,Tomorrow Never Dies ,1997,Action|Adventure|Thriller,6,,,,
241,1194173,The Bourne Legacy ,2012,Action|Adventure|Thriller,6,,,,
242,1320253,The Expendables ,2010,Action|Adventure|Thriller,6,,,,
243,2379713,Spectre ,2015,Action|Adventure|Thriller,7,,,,
244,5758778,Skyscraper ,2018,Action|Adventure|Thriller,8,,,,
245,381061,Casino Royale ,2006,Action|Adventure|Thriller,8,,,,
246,2379713,Spectre ,2015,Action|Adventure|Thriller,7,,,,
247,1074638,Skyfall ,2012,Action|Adventure|Thriller,8,,,,
248,1210819,The Lone Ranger ,2013,Action|Adventure|Western,7,,,,
249,2404435,The Magnificent Seven ,2016,Action|Adventure|Western,9,,,,
250,2404435,The Magnificent Seven ,2016,Action|Adventure|Western,8,,,,
251,2404435,The Magnificent Seven ,2016,Action|Adventure|Western,7,,,,
252,3532216,American Made ,2017,Action|Biography|Comedy|Crime,7,,,,
253,3532216,American Made ,2017,Action|Biography|Comedy|Crime,8,,,,
254,3532216,American Made ,2017,Action|Biography|Comedy|Crime,7,,,,
255,61418,Bonnie and Clyde ,1967,Action|Biography|Crime|Drama,8,,,,
256,3829920,Only the Brave ,2017,Action|Biography|Drama,9,,,,
257,3829920,Only the Brave ,2017,Action|Biography|Drama,7,,,,
258,1124037,Free State of Jones ,2016,Action|Biography|Drama|History|War,6,,,,
259,6679794,Outlaw King ,2018,Action|Biography|Drama|History|War,6,,,,
260,1979320,Rush ,2013,Action|Biography|Drama|Sport,10,,,,
261,1979320,Rush ,2013,Action|Biography|Drama|Sport,8,,,,
262,5074352,Dangal ,2016,Action|Biography|Drama|Sport,9,,,,
263,1979320,Rush ,2013,Action|Biography|Drama|Sport,9,,,,
264,2179136,American Sniper ,2014,Action|Biography|Drama|War,1,,,,
265,1091191,Lone Survivor ,2013,Action|Biography|Drama|War,7,,,,
266,1091191,Lone Survivor ,2013,Action|Biography|Drama|War,7,,,,
267,2179136,American Sniper ,2014,Action|Biography|Drama|War,7,,,,
268,102059,Hot Shots! ,1991,Action|Comedy,7,,,,
269,1250777,Kick-Ass ,2010,Action|Comedy,7,,,,
270,1190536,Black Dynamite ,2009,Action|Comedy,10,,,,
271,1250777,Kick-Ass ,2010,Action|Comedy,7,,,,
272,9541602,Geukhanjikeob ,2019,Action|Comedy,6,,,,
273,1741243,Pawn Shop Chronicles ,2013,Action|Comedy|Crime,6,,,,
274,1542768,True Memoirs of an International Assassin ,2016,Action|Comedy|Crime,10,,,,
275,910936,Pineapple Express ,2008,Action|Comedy|Crime,5,,,,
276,2294449,22 Jump Street ,2014,Action|Comedy|Crime,8,,,,
277,1232829,21 Jump Street ,2012,Action|Comedy|Crime,7,,,,
278,2294449,22 Jump Street ,2014,Action|Comedy|Crime,7,,,,
279,2404463,The Heat ,2013,Action|Comedy|Crime,7,,,,
280,1650554,Kick-Ass 2 ,2013,Action|Comedy|Crime,6,,,,
281,2968804,Drive Hard ,2014,Action|Comedy|Crime,5,,,,
282,4463894,Shaft ,2019,Action|Comedy|Crime,3,,,,
283,910936,Pineapple Express ,2008,Action|Comedy|Crime,6,,,,
284,2869728,Ride Along 2 ,2016,Action|Comedy|Crime,6,,,,
285,1650554,Kick-Ass 2 ,2013,Action|Comedy|Crime,1,,,,
286,1489889,Central Intelligence ,2016,Action|Comedy|Crime,8,,,,
287,1650554,Kick-Ass 2 ,2013,Action|Comedy|Crime,5,,,,
288,2869728,Ride Along 2 ,2016,Action|Comedy|Crime,7,,,,
289,4139124,Keanu ,2016,Action|Comedy|Crime,10,,,,
290,1469304,Baywatch ,2017,Action|Comedy|Crime,5,,,,
291,2967224,Hot Pursuit ,2015,Action|Comedy|Crime,7,,,,
292,3721964,Gringo ,2018,Action|Comedy|Crime|Drama,7,,,,
293,93229,Huang jia shi jie ,1985,Action|Comedy|Crime|Drama,6,,,,
294,2704998,Game Night ,2018,Action|Comedy|Crime|Mystery,8,,,,
295,2704998,Game Night ,2018,Action|Comedy|Crime|Mystery,8,,,,
296,2704998,Game Night ,2018,Action|Comedy|Crime|Mystery,6,,,,
297,3045616,Mortdecai ,2015,Action|Comedy|Crime|Mystery|Romance,6,,,,
298,373469,Kiss Kiss Bang Bang ,2005,Action|Comedy|Crime|Mystery|Thriller,6,,,,
299,3799694,The Nice Guys ,2016,Action|Comedy|Crime|Mystery|Thriller,8,,,,
300,3799694,The Nice Guys ,2016,Action|Comedy|Crime|Mystery|Thriller,6,,,,
301,120812,Rush Hour ,1998,Action|Comedy|Crime|Thriller,7,,,,
302,266915,Rush Hour 2 ,2001,Action|Comedy|Crime|Thriller,7,,,,
303,95963,Red Heat ,1988,Action|Comedy|Crime|Thriller,6,,,,
304,1245526,RED ,2010,Action|Comedy|Crime|Thriller,6,,,,
305,1821694,RED 2 ,2013,Action|Comedy|Crime|Thriller,6,,,,
306,4158096,Free Fire ,2016,Action|Comedy|Crime|Thriller,8,,,,
307,5164214,Ocean's Eight ,2018,Action|Comedy|Crime|Thriller,7,,,,
308,5164214,Ocean's Eight ,2018,Action|Comedy|Crime|Thriller,7,,,,
309,1686821,Vampire Academy ,2014,Action|Comedy|Drama|Fantasy|Horror|Mystery|Thriller,5,,,,
310,2258337,Eega ,2012,Action|Comedy|Fantasy,2,,,,
311,97428,Ghostbusters II ,1989,Action|Comedy|Fantasy|Sci-Fi,7,,,,
312,1289401,Ghostbusters ,2016,Action|Comedy|Fantasy|Sci-Fi,7,,,,
313,1374989,Pride and Prejudice and Zombies ,2016,Action|Comedy|Horror|Romance,7,,,,
314,1298649,The Watch ,2012,Action|Comedy|Horror|Sci-Fi,6,,,,
315,1618434,Murder Mystery ,2019,Action|Comedy|Mystery|Romance,8,,,,
316,1618434,Murder Mystery ,2019,Action|Comedy|Mystery|Romance,7,,,,
317,2091935,Mr. Right ,2015,Action|Comedy|Romance,7,,,,
318,3316948,American Ultra ,2015,Action|Comedy|Sci-Fi,6,,,,
319,3316948,American Ultra ,2015,Action|Comedy|Sci-Fi,7,,,,
320,1648179,Here Comes the Boom ,2012,Action|Comedy|Sport,6,,,,
321,1959563,The Hitman's Bodyguard ,2017,Action|Comedy|Thriller,10,,,,
322,1959563,The Hitman's Bodyguard ,2017,Action|Comedy|Thriller,7,,,,
323,1959563,The Hitman's Bodyguard ,2017,Action|Comedy|Thriller,8,,,,
324,1959563,The Hitman's Bodyguard ,2017,Action|Comedy|Thriller,7,,,,
325,8367814,The Gentlemen ,2019,Action|Crime,8,,,,
326,8367814,The Gentlemen ,2019,Action|Crime,9,,,,
327,5657856,Brawl in Cell Block 99 ,2017,Action|Crime|Drama,9,,,,
328,3334996,Hena maysara ,2007,Action|Crime|Drama,7,,,,
329,4572514,Patriots Day ,2016,Action|Crime|Drama|History|Thriller,7,,,,
330,4572514,Patriots Day ,2016,Action|Crime|Drama|History|Thriller,8,,,,
331,3890160,Baby Driver ,2017,Action|Crime|Drama|Music|Thriller,10,,,,
332,3890160,Baby Driver ,2017,Action|Crime|Drama|Music|Thriller,7,,,,
333,3890160,Baby Driver ,2017,Action|Crime|Drama|Music|Thriller,7,,,,
334,3890160,Baby Driver ,2017,Action|Crime|Drama|Music|Thriller,10,,,,
335,338337,Paycheck ,2003,Action|Crime|Drama|Mystery|Sci-Fi|Thriller,7,,,,
336,343818,"I, Robot ",2004,Action|Crime|Drama|Mystery|Sci-Fi|Thriller,7,,,,
337,1536537,What Happened to Monday ,2017,Action|Crime|Drama|Mystery|Sci-Fi|Thriller,8,,,,
338,2515034,The Gunman ,2015,Action|Crime|Drama|Mystery|Thriller,5,,,,
339,963178,The International ,2009,Action|Crime|Drama|Mystery|Thriller,7,,,,
340,1259528,Den of Thieves ,2018,Action|Crime|Drama|Mystery|Thriller,3,,,,
341,106977,The Fugitive ,1993,Action|Crime|Drama|Mystery|Thriller,8,,,,
342,3397884,Sicario ,2015,Action|Crime|Drama|Mystery|Thriller,7,,,,
343,3397884,Sicario ,2015,Action|Crime|Drama|Mystery|Thriller,8,,,,
344,1637688,In Time ,2011,Action|Crime|Drama|Sci-Fi|Thriller,10,,,,
345,1823672,Chappie ,2015,Action|Crime|Drama|Sci-Fi|Thriller,7,,,,
346,1823672,Chappie ,2015,Action|Crime|Drama|Sci-Fi|Thriller,9,,,,
347,1276104,Looper ,2012,Action|Crime|Drama|Sci-Fi|Thriller,7,,,,
348,1823672,Chappie ,2015,Action|Crime|Drama|Sci-Fi|Thriller,4,,,,
349,1321870,Gangster Squad ,2013,Action|Crime|Drama|Thriller,7,,,,
350,2140479,The Accountant ,2016,Action|Crime|Drama|Thriller,7,,,,
351,375912,Layer Cake ,2004,Action|Crime|Drama|Thriller,8,,,,
352,2140479,The Accountant ,2016,Action|Crime|Drama|Thriller,8,,,,
353,433387,Harsh Times ,2005,Action|Crime|Drama|Thriller,8,,,,
354,468569,The Dark Knight ,2008,Action|Crime|Drama|Thriller,10,,,,
355,1289406,Harry Brown ,2009,Action|Crime|Drama|Thriller,7,,,,
356,365907,A Walk Among the Tombstones ,2014,Action|Crime|Drama|Thriller,8,,,,
357,1742334,Sabotage ,2014,Action|Crime|Drama|Thriller,4,,,,
358,2452200,Son of a Gun ,2014,Action|Crime|Drama|Thriller,8,,,,
359,6850820,Peppermint ,2018,Action|Crime|Drama|Thriller,5,,,,
360,110413,Léon ,1994,Action|Crime|Drama|Thriller,9,,,,
361,1855199,End of Watch ,2012,Action|Crime|Drama|Thriller,9,,,,
362,1855199,End of Watch ,2012,Action|Crime|Drama|Thriller,7,,,,
363,2140479,The Accountant ,2016,Action|Crime|Drama|Thriller,7,,,,
364,2401097,Tracers ,2014,Action|Crime|Drama|Thriller,4,,,,
365,69121,Prime Cut ,1972,Action|Crime|Drama|Thriller,8,,,,
366,1242422,Celda 211 ,2009,Action|Crime|Drama|Thriller,7,,,,
367,2582782,Hell or High Water ,2016,Action|Crime|Drama|Thriller|Western,7,,,,
368,2582782,Hell or High Water ,2016,Action|Crime|Drama|Thriller|Western,6,,,,
369,103776,Batman Returns ,1992,Action|Crime|Fantasy,6,,,,
370,5519340,Bright ,2017,Action|Crime|Fantasy|Thriller,8,,,,
371,5519340,Bright ,2017,Action|Crime|Fantasy|Thriller,8,,,,
372,1211956,Escape Plan ,2013,Action|Crime|Mystery|Sci-Fi|Thriller,8,,,,
373,1211956,Escape Plan ,2013,Action|Crime|Mystery|Sci-Fi|Thriller,7,,,,
374,1343727,Dredd ,2012,Action|Crime|Sci-Fi,7,,,,
375,1234721,RoboCop ,2014,Action|Crime|Sci-Fi|Thriller,7,,,,
376,3171832,iBoy ,2017,Action|Crime|Sci-Fi|Thriller,7,,,,
377,1234721,RoboCop ,2014,Action|Crime|Sci-Fi|Thriller,6,,,,
378,106697,Demolition Man ,1993,Action|Crime|Sci-Fi|Thriller,6,,,,
379,1234721,RoboCop ,2014,Action|Crime|Sci-Fi|Thriller,6,,,,
380,1234721,RoboCop ,2014,Action|Crime|Sci-Fi|Thriller,4,,,,
381,317740,The Italian Job ,2003,Action|Crime|Thriller,5,,,,
382,3276924,Heist ,2015,Action|Crime|Thriller,10,,,,
383,455944,The Equalizer ,2014,Action|Crime|Thriller,9,,,,
384,4630562,The Fate of the Furious ,2017,Action|Crime|Thriller,10,,,,
385,790724,Jack Reacher ,2012,Action|Crime|Thriller,8,,,,
386,455944,The Equalizer ,2014,Action|Crime|Thriller,8,,,,
387,1361318,Good People ,2014,Action|Crime|Thriller,6,,,,
388,2265171,The Raid 2 ,2014,Action|Crime|Thriller,8,,,,
389,2911666,John Wick ,2014,Action|Crime|Thriller,8,,,,
390,3197766,Saat po long 2 ,2015,Action|Crime|Thriller,6,,,,
391,91828,Raw Deal ,1986,Action|Crime|Thriller,5,,,,
392,117438,Ransom ,1996,Action|Crime|Thriller,6,,,,
393,790724,Jack Reacher ,2012,Action|Crime|Thriller,6,,,,
394,2369135,Need for Speed ,2014,Action|Crime|Thriller,7,,,,
395,2402157,The November Man ,2014,Action|Crime|Thriller,8,,,,
396,2911666,John Wick ,2014,Action|Crime|Thriller,6,,,,
397,3766354,The Equalizer 2 ,2018,Action|Crime|Thriller,5,,,,
398,430357,Miami Vice ,2006,Action|Crime|Thriller,6,,,,
399,2717822,Blackhat ,2015,Action|Crime|Thriller,4,,,,
400,3766354,The Equalizer 2 ,2018,Action|Crime|Thriller,6,,,,
401,1188982,Jai Ho ,2014,Action|Drama,10,,,,
402,1907639,Hardflip ,2012,Action|Drama,1,,,,
403,5084170,Mugen no jûnin ,2017,Action|Drama|Fantasy,8,,,,
404,1860357,Deepwater Horizon ,2016,Action|Drama|History|Thriller,7,,,,
405,1860357,Deepwater Horizon ,2016,Action|Drama|History|Thriller,7,,,,
406,1860357,Deepwater Horizon ,2016,Action|Drama|History|Thriller,7,,,,
407,2025690,The Finest Hours ,2016,Action|Drama|History|Thriller,6,,,,
408,1860357,Deepwater Horizon ,2016,Action|Drama|History|Thriller,8,,,,
409,5013056,Dunkirk ,2017,Action|Drama|History|Thriller|War,7,,,,
410,5013056,Dunkirk ,2017,Action|Drama|History|Thriller|War,9,,,,
411,5013056,Dunkirk ,2017,Action|Drama|History|Thriller|War,8,,,,
412,5013056,Dunkirk ,2017,Action|Drama|History|Thriller|War,8,,,,
413,4172430,13 Hours ,2016,Action|Drama|History|Thriller|War,8,,,,
414,5013056,Dunkirk ,2017,Action|Drama|History|Thriller|War,7,,,,
415,1413492,12 Strong ,2018,Action|Drama|History|War,8,,,,
416,1413492,12 Strong ,2018,Action|Drama|History|War,5,,,,
417,2649554,Midnight Special ,2016,Action|Drama|Mystery|Sci-Fi|Thriller,6,,,,
418,364569,Oldeuboi ,2003,Action|Drama|Mystery|Thriller,8,,,,
419,2402101,Dark Places ,2015,Action|Drama|Mystery|Thriller,5,,,,
420,364569,Oldeuboi ,2003,Action|Drama|Mystery|Thriller,9,,,,
421,2574698,Gunday ,2014,Action|Drama|Romance,1,,,,
422,3640424,Allied ,2016,Action|Drama|Romance|Thriller|War,7,,,,
423,1706620,Snowpiercer ,2013,Action|Drama|Sci-Fi,6,,,,
424,1535108,Elysium ,2013,Action|Drama|Sci-Fi,4,,,,
425,1706620,Snowpiercer ,2013,Action|Drama|Sci-Fi,8,,,,
426,1025100,Gemini Man ,2019,Action|Drama|Sci-Fi|Thriller,4,,,,
427,434409,V for Vendetta ,2005,Action|Drama|Sci-Fi|Thriller,9,,,,
428,434409,V for Vendetta ,2005,Action|Drama|Sci-Fi|Thriller,9,,,,
429,3315342,Logan ,2017,Action|Drama|Sci-Fi|Thriller,8,,,,
430,3315342,Logan ,2017,Action|Drama|Sci-Fi|Thriller,7,,,,
431,120461,Volcano ,1997,Action|Drama|Sci-Fi|Thriller,5,,,,
432,1025100,Gemini Man ,2019,Action|Drama|Sci-Fi|Thriller,3,,,,
433,1219827,Ghost in the Shell ,2017,Action|Drama|Sci-Fi|Thriller,7,,,,
434,3315342,Logan ,2017,Action|Drama|Sci-Fi|Thriller,8,,,,
435,3315342,Logan ,2017,Action|Drama|Sci-Fi|Thriller,9,,,,
436,2334879,White House Down ,2013,Action|Drama|Thriller,8,,,,
437,2334879,White House Down ,2013,Action|Drama|Thriller,9,,,,
438,822854,Shooter ,2007,Action|Drama|Thriller,8,,,,
439,2172934,3 Days to Kill ,2014,Action|Drama|Thriller,5,,,,
440,2334879,White House Down ,2013,Action|Drama|Thriller,6,,,,
441,2873282,Red Sparrow ,2018,Action|Drama|Thriller,7,,,,
442,164184,The Sum of All Fears ,2002,Action|Drama|Thriller|War,6,,,,
443,4218696,The Wall ,2017,Action|Drama|Thriller|War,7,,,,
444,4218696,The Wall ,2017,Action|Drama|Thriller|War,4,,,,
445,2713180,Fury ,2014,Action|Drama|War,8,,,,
446,2713180,Fury ,2014,Action|Drama|War,7,,,,
447,2713180,Fury ,2014,Action|Drama|War,6,,,,
448,2140037,Jane Got a Gun ,2015,Action|Drama|Western,5,,,,
449,2393827,Howl ,2015,Action|Fantasy|Horror|Mystery|Thriller,7,,,,
450,6998518,Mandy ,2018,Action|Fantasy|Horror|Mystery|Thriller,6,,,,
451,1502404,Drive Angry ,2011,Action|Fantasy|Thriller,8,,,,
452,259324,Ghost Rider ,2007,Action|Fantasy|Thriller,7,,,,
453,416449,300,2006,Action|Fantasy|War,7,,,,
454,100403,Predator 2 ,1990,Action|Horror|Sci-Fi,6,,,,
455,114508,Species ,1995,Action|Horror|Sci-Fi|Thriller,8,,,,
456,4779682,The Meg ,2018,Action|Horror|Sci-Fi|Thriller,3,,,,
457,4779682,The Meg ,2018,Action|Horror|Sci-Fi|Thriller,6,,,,
458,5700672,Busanhaeng ,2016,Action|Horror|Thriller,8,,,,
459,5700672,Busanhaeng ,2016,Action|Horror|Thriller,9,,,,
460,5700672,Busanhaeng ,2016,Action|Horror|Thriller,8,,,,
461,1790864,The Maze Runner ,2014,Action|Mystery|Sci-Fi|Thriller,9,,,,
462,216216,The 6th Day ,2000,Action|Mystery|Sci-Fi|Thriller,7,,,,
463,1790864,The Maze Runner ,2014,Action|Mystery|Sci-Fi|Thriller,8,,,,
464,2140379,Self/less ,2015,Action|Mystery|Sci-Fi|Thriller,5,,,,
465,1401152,Unknown ,2011,Action|Mystery|Thriller,9,,,,
466,2024469,Non-Stop ,2014,Action|Mystery|Thriller,6,,,,
467,2406566,Atomic Blonde ,2017,Action|Mystery|Thriller,6,,,,
468,1590193,The Commuter ,2018,Action|Mystery|Thriller,8,,,,
469,2406566,Atomic Blonde ,2017,Action|Mystery|Thriller,9,,,,
470,2024469,Non-Stop ,2014,Action|Mystery|Thriller,10,,,,
471,2406566,Atomic Blonde ,2017,Action|Mystery|Thriller,7,,,,
472,1590193,The Commuter ,2018,Action|Mystery|Thriller,8,,,,
473,1631867,Edge of Tomorrow ,2014,Action|Sci-Fi,9,,,,
474,1631867,Edge of Tomorrow ,2014,Action|Sci-Fi,7,,,,
475,1631867,Edge of Tomorrow ,2014,Action|Sci-Fi,9,,,,
476,2872732,Lucy ,2014,Action|Sci-Fi|Thriller,7,,,,
477,2872732,Lucy ,2014,Action|Sci-Fi|Thriller,8,,,,
478,452608,Death Race ,2008,Action|Sci-Fi|Thriller,7,,,,
479,1981128,Geostorm ,2017,Action|Sci-Fi|Thriller,10,,,,
480,2872732,Lucy ,2014,Action|Sci-Fi|Thriller,7,,,,
481,1270797,Venom ,2018,Action|Sci-Fi|Thriller,7,,,,
482,1270797,Venom ,2018,Action|Sci-Fi|Thriller,6,,,,
483,6499752,Upgrade ,2018,Action|Sci-Fi|Thriller,8,,,,
484,70909,Westworld ,1973,Action|Sci-Fi|Thriller|Western,7,,,,
485,1024855,Gunned Down ,2017,Action|Thriller,8,,,,
486,4196776,Jason Bourne ,2016,Action|Thriller,7,,,,
487,2302755,Olympus Has Fallen ,2013,Action|Thriller,7,,,,
488,1345836,The Dark Knight Rises ,2012,Action|Thriller,10,,,,
489,1615160,The Foreigner ,2017,Action|Thriller,6,,,,
490,1397280,Taken 2 ,2012,Action|Thriller,5,,,,
491,1549920,The Last Stand ,2013,Action|Thriller,6,,,,
492,105112,Patriot Games ,1992,Action|Thriller,7,,,,
493,337978,Live Free or Die Hard ,2007,Action|Thriller,7,,,,
494,1606378,A Good Day to Die Hard ,2013,Action|Thriller,5,,,,
495,1781922,No Escape ,2015,Action|Thriller,7,,,,
496,1846589,Hunter Killer ,2018,Action|Thriller,6,,,,
497,4196776,Jason Bourne ,2016,Action|Thriller,6,,,,
498,7456310,Anna ,2019,Action|Thriller,7,,,,
499,8106534,6 Underground ,2019,Action|Thriller,4,,,,
500,2302755,Olympus Has Fallen ,2013,Action|Thriller,1,,,,
